本コード,タイトル
10000,アンパンマン
10001,ポケモン
10002,星空図書館のひみつ
10003,森の時計台と風の手紙
10004,雨あがりのカフェ日記
10005,月曜日のパン屋さん
10006,海辺の小さな博物館
10007,夜明けのスケッチブック
10008,雲の上の音楽室
10009,ひかり坂の古書店
10010,銀のしおりと迷い道
10011,午後三時の喫茶室
10012,ガラス温室の観察記
10013,北風と青いマフラー
10014,灯台下のメモ帳
10015,星屑レコードの休日
10016,川沿いアトリエ通信
10017,木漏れ日の植物図鑑
10018,ペンギン駅の終電便り
10019,空色ノートの約束
10020,街角ラジオの物語
10021,白い橋の向こう側
10022,朝焼け写真館の一日
10023,静かな庭の天体観測
10024,四季を巡る旅の地図
10025,雪うさぎ郵便局
10026,流れ星マーケット案内
10027,夕暮れ図工室の冒険
10028,風鈴通りの探偵帳
10029,青葉台キッチン便り
10030,ことり坂の読書会
10031,小さな港の灯り